Index,Title,URL,Regsitered Count
1,Advertising Gift Articles,https://www.arabiantalks.com/category/1/advertising-gift-articles,Registered Companies : 133
2,Advertising Agencies,https://www.arabiantalks.com/category/2/advertising-agencies,Registered Companies : 593
3,Event Management,https://www.arabiantalks.com/category/3/event-management,Registered Companies : 181
4,"Exhibition Management, Organizers & Halls",https://www.arabiantalks.com/category/4/exhibition-management-organizers-halls,Registered Companies : 53
5,Exhibition Stands Designers & Manufacturers,https://www.arabiantalks.com/category/5/exhibition-stands-designers-manufacturers,Registered Companies : 69
6,Balloons,https://www.arabiantalks.com/category/6/balloons,Registered Companies : 13
7,Interior Decorators,https://www.arabiantalks.com/category/7/interior-decorators,Registered Companies : 429
8,Neon Sign Equipment Suppliers,https://www.arabiantalks.com/category/8/neon-sign-equipment-suppliers,Registered Companies : 9
9,Advertising Outdoor,https://www.arabiantalks.com/category/9/advertising-outdoor,Registered Companies : 150
10,Corporate Gifts,https://www.arabiantalks.com/category/10/corporate-gifts,Registered Companies : 29
11,Signmakers & Signwriters,https://www.arabiantalks.com/category/11/signmakers-signwriters,Registered Companies : 58
12,Digital Printers,https://www.arabiantalks.com/category/12/digital-printers,Registered Companies : 88
1,Printers Offset,https://www.arabiantalks.com/category/13/printers-offset,Registered Companies : 50
2,Screen Printing,https://www.arabiantalks.com/category/14/screen-printing,Registered Companies : 32
3,Stationery Dealers,https://www.arabiantalks.com/category/15/stationery-dealers,Registered Companies : 45
4,Acrylic Furniture,https://www.arabiantalks.com/category/16/acrylic-furniture,Registered Companies : 10
5,Acrylic Products,https://www.arabiantalks.com/category/17/acrylic-products,Registered Companies : 22
6,Aluminium & Aluminium Products,https://www.arabiantalks.com/category/18/aluminium-aluminium-products,Registered Companies : 65
7,Aluminium Fabricators,https://www.arabiantalks.com/category/19/aluminium-fabricators,Registered Companies : 87
8,Architectural Consultants,https://www.arabiantalks.com/category/20/architectural-consultants,Registered Companies : 99
9,Calligraphy,https://www.arabiantalks.com/category/21/calligraphy,Registered Companies : 2
10,Canopies,https://www.arabiantalks.com/category/22/canopies,Registered Companies : 12
11,Carpenters & Joiners,https://www.arabiantalks.com/category/23/carpenters-joiners,Registered Companies : 57
12,Cladding,https://www.arabiantalks.com/category/24/cladding,Registered Companies : 29
1,Designers General,https://www.arabiantalks.com/category/25/designers-general,Registered Companies : 90
2,Engineers General,https://www.arabiantalks.com/category/26/engineers-general,Registered Companies : 57
3,Engravers General,https://www.arabiantalks.com/category/27/engravers-general,Registered Companies : 15
4,Engraving Equipment & Supplies,https://www.arabiantalks.com/category/28/engraving-equipment-supplies,Registered Companies : 9
5,Flags & Banners,https://www.arabiantalks.com/category/29/flags-banners,Registered Companies : 17
6,Floor & Ceiling Products Suppliers & Contractors,https://www.arabiantalks.com/category/30/floor-ceiling-products-suppliers-contractors,Registered Companies : 47
7,Floors Wooden,https://www.arabiantalks.com/category/31/floors-wooden,Registered Companies : 23
8,Gifts & Novelty Dealers,https://www.arabiantalks.com/category/32/gifts-novelty-dealers,Registered Companies : 53
9,Glass Designers & Processors,https://www.arabiantalks.com/category/33/glass-designers-processors,Registered Companies : 19
10,Graphic Art Materials,https://www.arabiantalks.com/category/34/graphic-art-materials,Registered Companies : 18
11,Graphic Designers,https://www.arabiantalks.com/category/35/graphic-designers,Registered Companies : 117
12,Lighting Fixtures Manufacturers,https://www.arabiantalks.com/category/36/lighting-fixtures-manufacturers,Registered Companies : 58
1,Lighting Fixtures Supplies & Parts,https://www.arabiantalks.com/category/37/lighting-fixtures-supplies-parts,Registered Companies : 63
2,Metal Repairing,https://www.arabiantalks.com/category/38/metal-repairing,Registered Companies : 7
3,Metals,https://www.arabiantalks.com/category/39/metals,Registered Companies : 32
4,Neon Sign Manufacturers,https://www.arabiantalks.com/category/40/neon-sign-manufacturers,Registered Companies : 35
5,Partitions,https://www.arabiantalks.com/category/41/partitions,Registered Companies : 28
6,Printers Commercial,https://www.arabiantalks.com/category/42/printers-commercial,Registered Companies : 129
7,Sandblasting Equipment & Supplies,https://www.arabiantalks.com/category/43/sandblasting-equipment-supplies,Registered Companies : 16
8,Signs Equipment & Supplies,https://www.arabiantalks.com/category/44/signs-equipment-supplies,Registered Companies : 25
9,Solar Film Protection,https://www.arabiantalks.com/category/45/solar-film-protection,Registered Companies : 10
10,Wallpapers & Wallcoverings,https://www.arabiantalks.com/category/46/wallpapers-wallcoverings,Registered Companies : 32
11,Electric & Electronic Appliances & Equipment Repai,https://www.arabiantalks.com/category/47/electric-electronic-appliances-equipment-repairs,Registered Companies : 62
12,Interior Decorators Supplies,https://www.arabiantalks.com/category/48/interior-decorators-supplies,Registered Companies : 135
1,Led Light Suppliers,https://www.arabiantalks.com/category/49/led-light-suppliers,Registered Companies : 26
2,Lighting Special Effects,https://www.arabiantalks.com/category/50/lighting-special-effects,Registered Companies : 24
3,Road Safety Equipment & Products,https://www.arabiantalks.com/category/51/road-safety-equipment-products,Registered Companies : 18
4,Safety Equipment & Clothing,https://www.arabiantalks.com/category/52/safety-equipment-clothing,Registered Companies : 102
5,Stainless Steel Fabricators,https://www.arabiantalks.com/category/53/stainless-steel-fabricators,Registered Companies : 41
6,Signs - Led,https://www.arabiantalks.com/category/54/signs-led,Registered Companies : 21
7,Steel Fabricators & Engineers,https://www.arabiantalks.com/category/55/steel-fabricators-engineers,Registered Companies : 205
8,Vehicle Graphics,https://www.arabiantalks.com/category/56/vehicle-graphics,Registered Companies : 20
9,Traffic Sign Manufacturers,https://www.arabiantalks.com/category/57/traffic-sign-manufacturers,Registered Companies : 10
10,Windows,https://www.arabiantalks.com/category/58/windows,Registered Companies : 10
11,Car Parks & Shades,https://www.arabiantalks.com/category/59/car-parks-shades,Registered Companies : 33
12,Fencing Suppliers,https://www.arabiantalks.com/category/60/fencing-suppliers,Registered Companies : 17
1,Etching & Plasma Cutting,https://www.arabiantalks.com/category/61/etching-plasma-cutting,Registered Companies : 4
2,Scaffolding & Shuttering Services,https://www.arabiantalks.com/category/62/scaffolding-shuttering-services,Registered Companies : 45
3,T Shirt Printers & Distributors,https://www.arabiantalks.com/category/63/t-shirt-printers-distributors,Registered Companies : 34
4,Computer Software,https://www.arabiantalks.com/category/64/computer-software,Registered Companies : 446
5,Marketing Consultants,https://www.arabiantalks.com/category/65/marketing-consultants,Registered Companies : 188
6,Publishers General,https://www.arabiantalks.com/category/66/publishers-general,Registered Companies : 14
7,Advertising Radio & Television,https://www.arabiantalks.com/category/67/advertising-radio-television,Registered Companies : 65
8,Television Radio Commercials & Programme Producers,https://www.arabiantalks.com/category/68/television-radio-commercials-programme-producers,Registered Companies : 12
9,Direct Marketing,https://www.arabiantalks.com/category/69/direct-marketing,Registered Companies : 41
10,Multimedia,https://www.arabiantalks.com/category/70/multimedia,Registered Companies : 15
11,Web Site Designers,https://www.arabiantalks.com/category/71/web-site-designers,Registered Companies : 420
12,E Commerce,https://www.arabiantalks.com/category/72/e-commerce,Registered Companies : 57
1,Internet Related Services,https://www.arabiantalks.com/category/73/internet-related-services,Registered Companies : 109
2,Access Control System,https://www.arabiantalks.com/category/74/access-control-system,Registered Companies : 99
3,Bags & Sacks Manufacturers,https://www.arabiantalks.com/category/75/bags-sacks-manufacturers,Registered Companies : 16
4,Binding Services,https://www.arabiantalks.com/category/76/binding-services,Registered Companies : 6
5,Copying Services,https://www.arabiantalks.com/category/77/copying-services,Registered Companies : 11
6,Media Representatives,https://www.arabiantalks.com/category/78/media-representatives,Registered Companies : 18
7,Modelling Agencies,https://www.arabiantalks.com/category/79/modelling-agencies,Registered Companies : 5
8,Photographers Commercial & Industrial,https://www.arabiantalks.com/category/80/photographers-commercial-industrial,Registered Companies : 23
9,Photographers Digital,https://www.arabiantalks.com/category/81/photographers-digital,Registered Companies : 18
10,Photographic Processors & Finishers,https://www.arabiantalks.com/category/82/photographic-processors-finishers,Registered Companies : 5
11,Printing Plates,https://www.arabiantalks.com/category/83/printing-plates,Registered Companies : 10
12,Packaging Manufacturers & Suppliers,https://www.arabiantalks.com/category/84/packaging-manufacturers-suppliers,Registered Companies : 26
1,Packaging Materials,https://www.arabiantalks.com/category/85/packaging-materials,Registered Companies : 31
2,"Plastic Packaging & Storage Items, Bottles, Shrink",https://www.arabiantalks.com/category/86/plastic-packaging-storage-items-bottles-shrink-str,Registered Companies : 4
3,Printing Equipment & Material Suppliers,https://www.arabiantalks.com/category/87/printing-equipment-material-suppliers,Registered Companies : 54
4,Manpower Suppliers,https://www.arabiantalks.com/category/88/manpower-suppliers,Registered Companies : 82
5,General Traders,https://www.arabiantalks.com/category/89/general-traders,Registered Companies : 278
6,Steel Mills,https://www.arabiantalks.com/category/90/steel-mills,Registered Companies : 30
7,Picture Frames,https://www.arabiantalks.com/category/91/picture-frames,Registered Companies : 7
8,Translators & Interpreters,https://www.arabiantalks.com/category/92/translators-interpreters,Registered Companies : 30
9,Promotional Gifts,https://www.arabiantalks.com/category/93/promotional-gifts,Registered Companies : 24
10,Business Services,https://www.arabiantalks.com/category/94/business-services,Registered Companies : 459
11,Directories & Guides,https://www.arabiantalks.com/category/95/directories-guides,Registered Companies : 3
12,E Directory,https://www.arabiantalks.com/category/96/e-directory,Registered Companies : 4
1,Market Research & Analysis,https://www.arabiantalks.com/category/97/market-research-analysis,Registered Companies : 63
2,Publishers Directory & Guide,https://www.arabiantalks.com/category/98/publishers-directory-guide,Registered Companies : 5
3,Publishers Representatives,https://www.arabiantalks.com/category/99/publishers-representatives,Registered Companies : 1
4,Engineers Contracting,https://www.arabiantalks.com/category/100/engineers-contracting,Registered Companies : 72
5,Business Consultants,https://www.arabiantalks.com/category/101/business-consultants,Registered Companies : 372
6,Film Production & Distribution,https://www.arabiantalks.com/category/102/film-production-distribution,Registered Companies : 28
7,Watches,https://www.arabiantalks.com/category/103/watches,Registered Companies : 23
8,Badges,https://www.arabiantalks.com/category/104/badges,Registered Companies : 6
9,Leather Goods,https://www.arabiantalks.com/category/105/leather-goods,Registered Companies : 16
10,Recycled Products Paper Plastic Etc,https://www.arabiantalks.com/category/106/recycled-products-paper-plastic-etc,Registered Companies : 6
11,Writing Instruments,https://www.arabiantalks.com/category/107/writing-instruments,Registered Companies : 10
12,T Shirts Manufacturers,https://www.arabiantalks.com/category/108/t-shirts-manufacturers,Registered Companies : 21
1,Real Estate,https://www.arabiantalks.com/category/109/real-estate,Registered Companies : 288
2,Real Estate International,https://www.arabiantalks.com/category/110/real-estate-international,Registered Companies : 60
3,Inks Printing,https://www.arabiantalks.com/category/111/inks-printing,Registered Companies : 8
4,Identification Equipment & Supplies,https://www.arabiantalks.com/category/112/identification-equipment-supplies,Registered Companies : 7
5,Lamination Products,https://www.arabiantalks.com/category/113/lamination-products,Registered Companies : 7
6,Public Relations Counsellors,https://www.arabiantalks.com/category/114/public-relations-counsellors,Registered Companies : 15
7,Colour Separations,https://www.arabiantalks.com/category/115/colour-separations,Registered Companies : 0
8,Newspaper Magazine Publishers & Distributors,https://www.arabiantalks.com/category/116/newspaper-magazine-publishers-distributors,Registered Companies : 12
9,Art Consultants,https://www.arabiantalks.com/category/117/art-consultants,Registered Companies : 12
10,Audio Visual Consultants,https://www.arabiantalks.com/category/118/audio-visual-consultants,Registered Companies : 22
11,Audio Visual Production Services,https://www.arabiantalks.com/category/119/audio-visual-production-services,Registered Companies : 19
12,Interior Designers & Consultants,https://www.arabiantalks.com/category/120/interior-designers-consultants,Registered Companies : 221
